Video ID,Video Title
pKuguDpmti4,I Cooked the World‚Äôs RAREST Steaks
gDfyZaujK6E,I Found Bacon in This Fish‚Ä¶
OU4S0FSZkoI,I Covered Lamb in Jam
5DXsX2hsfQg,NF FourOfEach 15s 9x16
P9NbFXKQo-8,Cowboy Butter Lobster Roll
Aw5vc8jGQCY,"$50 vs $300 vs $1,000 Brisket"
OfCAgHdMHpE,vlt frag bir extradose launch 25 dmi tik tok zoom in mp4 9x16 10s uk en
sMtfXxOt-3o,Citrus Dry Aged Mahi Mahi
vzXULTmvWnk,I Cooked the World‚Äôs CRAZIEST Eggs
nBDvMF0anXE,Grace TT long
4UEzMoGvkXQ,"1,000 Garlic Clove Lamb Leg"
vGx5zex1YCY,7 Day Caramel Soaked Ribs
C3g7JBWfm-k,Roasted Garlic Chicken Sandwich 6sec
lp_Q393jAfw,I Cooked 100lbs of Protein Pt 3
AByKJ0-wpEs,I Cooked A 70lb Cow Leg
AtptHAmJjOo,OV CA Wayborhood2 Patioh 9x16 15
ig1rlhB5h1Q,I stole a whole cow leg pt 1‚Ä¶
w4jDx6Wenjw,World‚Äôs WORST Tasting Tuna
rULgodOo4eQ,2hr Delivery on Easter treats with Walmart grocery delivery
QDBn3_WwbQo,If you find yourself with 20 lobsters‚Ä¶
d4Z4HnDTnSA,The Lobster Hot Dog
XgYpCp3dwx0,Old Spice Total Body Deodorant
kGS_WfpU82Q,When steak put me in the hospital‚Ä¶
39-CvROyYUQ,7 Day Molasses Cured Tomahawk
5680C5e-GZA,More love for you & your pet
UwfDi4tT5Og,Jalape√±o Dry Aged Wagyu A5
jPTERm5G4vM,Deep Fried Prime Rib
OuM4JtRrIEI,Prime Rib Texas Toast Sandwich
5QuFBdoHReA,The Perfect Prime Rib
kPmoTnlhfQU,CW BWE youTube 1080x1920 15sec
7ED6rGme02E,The Brisket Football (Cooked in Clay)
zAu4PRyKbu0,Panda Express Ran Out of Chicken‚Ä¶
MHmMnQbnJUU,Potty Training Journey
21ohKsJQA1g,I Tasted The World‚Äôs Most EXOTIC Meats
-LCnCFHbbd8,How to slice every type of steak‚Ä¶
paM95qYMx4s,Enhance recruiting with AI and automation features in Greenhouse
Jgw-HUH55ys,Pork Chop Accordion
68GyW48XoEU,Dry Aged Camel
eH-RbvyGtdQ,Reserve Your Lane At AMF
_I8OQEtRNEc,Buffalo Chicken Mac and Cheese
O2E3ZIUho04,7 Day Honey Cured Steak
R1ermCMPMAc,BarBurrito Proudly Canadian 30s
AiijhzdSj5Y,30 Tacos in 30 Hours
xGPQ2c1v5CI,Jalape√±o Popper Pork Belly Accordion
_DXWWTkKGM0,Refreshingly simple.
2X0eMqOzyHE,The Perfect Thanksgiving Turkey
VG8fgE1e5_g,How to Carve a Turkey
N2W1ROxbAF8,"Nespresso - GC25_Easy_EN_9x16 15"" | CA"
mOug1POqBHY,Parm Wheel Dry Aged Steak
cauLrvx8-Ew,The World‚Äôs Crispiest Turkey
Iow1hmPIlPQ,Social Acne Patch SENS Spot4 9x16 r06 MP4
vpJIT3m1wik,Prime Rib Pho
r1KO1sWLU4M,Why is this sandwich soggy...
lSxNFw5muOk,Monte Cristo Big Mac
34klRJM77Wk,$200 Zebra Steak
5RTgaSygUtE,Join Moi Rewards Today! üõí
3stVLdXiAjw,Truffle Parm Beef Hump
aQWn6QSUshY,"Forging The World‚Äôs Rarest Knife ($50,000)"
eQYIuKDigLU,Tylenol Extra Strength | Made in Canada
s8VNFro4k3c,Salmon Pastrami (game changer)
ZPtCLU9rVvg,"Harvesting 3,000 lbs of Axis Deer"
teGysVbPQrs,When your gift is as special as she is!
c11YyI2PFVg,Steak School: T-Bone
eIwOI0XLCTk,Car Cooking: Max vs Costco Hot Dog
wPcJMi0obX4,SVNS Generic 2025 Update ENG 9 16 v1
gNGn90gVozA,Chimichurri Stuffed Chicken
Owxl9dQxqis,"$2,500 Lobster Gnocchi"
ZvWGpSwccoc,CCM Jetspeed FTW at Pro Hockey Life
xqBQVqqCGY4,Is this the perfect bite?
0bQ8whf9Bu0,Best ‚Äúit‚Äôs raw‚Äù comment wins (tomahawk BLT)
nP3e3HK0eXs,Feed The Fun!
E0QYtD8DZ_c,Wagyu A5 vs 2500¬∞ Forge
Zc0qKEfzKQo,Live Fire Pork Belly Accordion
EdsjDH3N6JY,Lindor MiniEggs 15 EN
ZEh-qvsG3AE,Porchetta Roasted in Chimichurri Salt
Xg5eyXFgmJo,"$1 vs $5,000 Mac and Cheese"
8LTf5AkS5iw,RITZ Crackers - Easter Creator 2 EN
pdp8epfX7jk,Larry the Lobster Boil
EI__pA1Rm2o,3 Levels of Duck...
t2viyjJFNPA,If you find yourself with a whole salmon...
GfAf194V0KM,Doctor said I need to eat more vegetables...
6OV87es4P2g,"Students, get $100 and free Interac e-Transfers!*"
6JtLxCszFsE,"$3,000 Wagyu A5 Meat Tower"
V0gUMXDDD0Q,I almost burned down my neighborhood...
Kd8psfAnceQ,HSY 094 24E15I CnC Equity '24 Both ENG 15 Standard 9x16
k6PclBMD--E,Whole Salmon BURIED in Citrus Salt
gR8HUkMWF3o,I took over a butcher shop for a day...
S_qPNUVQd44,Bacon makes EVERYTHING Better
qe9ao1BBhfI,Deep Fried Dry-Aged Peking Duck
R-XD2CyL6d0,Mac and Cheese | Canada | Mac N' Please | Shorts
czPMeUtkQ-8,$250 Wagyu A5 Slim Jim
JOoM3Qis_1U,Don't watch if you hate butter and bacon...
bMSBLtARRFs,Your type of student banking
L5y_cvweBgQ,"$2,000 Wagyu Parm Pasta"
kwfqjt-XBH8,Cooking a Frozen Brisket
D2mCSyayHPg,WEB_Evergreen_detailed-targeting_video-editor_transitions_Prospecting_Q125_ugc-repurpose_9x16
YW_YtcieURY,Double Crunchwrap Cheeseburger
7z3WaCmKmWA,Max vs Salt Bae (I disowned my sister)
U-IheOyI82U,"The Steak Review: Salt Bae ($1,000 tomahawk)"
uTpUh1iOcgQ,Everything I ate in Hawaii (While harvesting invasive species)
GQk9dJmLxXg,I Turned Steak Into Bread
5_tuvX5ZqKk,Do you think he'll approve?
NvG2yteNJeo,Does it Deep Fry? Beef Short Ribs
t6b4kl2jn5s,Thor‚Äôs hammer cooked in fire salt‚Ä¶
nBfZI8F0-lI,PVM Mentos CAN CanadianEnglish C21320821 FunRide Chami v01 9x16 06s 241126 v02 25Mbs
5o9tKN4r8D8,The World's Biggest Salmon Chip‚Ä¶
u79myUBKyjA,Day in the life at a beef jerky factory
XUP2UX-Ghsg,Flying with frozen meat...
vGDWdPipx6g,Cheap Wagyu A5 vs Expensive Grass-fed
96wKmIgmo_w,Egg Farmers of Ontario
Qf0bKgn5zvg,Cooking for Friends (Fantasy Football Edition)
kBF-QMtCdsY,Peking Brisket
KbXElPzIW7g,Tomahawk Biggie Mac @albert_cancook
BxqTHHAAmkQ,The most important meeting of my life‚Ä¶
8Wofo0Pyt4o,Cr√®me Br√ªl√©e Pork Belly Burnt Ends
whs9OexwT5o,‚ÄúWell Done‚Äù Wagyu A5 üò≥
MO1u9sjNlio,What should I call this?
7J0rz7Qgm7U,FY25 W2 DA 6S 9x16 EN
p0nwjMREcTs,A special batch of jerky‚Ä¶
NGrLLf_QMGc,Deep Fried Pork Belly Accordion
reUbPP1a0_c,30 Day Dry Aged Buffalo Brisket
AQJFGq1DEfY,I caught her cheating on Valentine's Day...
KxM-5_FqIBM,This was actually raw...
PEbdJgWoZ8w,Impress your valentine with‚Ä¶
seEcFZGgtek,Crispy Skin Buffalo Chicken Dip
LZwkkuEedDM,World's biggest corn dog‚Ä¶ meat sticks live at maxjerky.com!
LhcdE6mJWX4,She asked me to catch a fish...
zs5EyDKCJt4,SARM 0046   06E A 16x9
O4ho8IOpmas,Mango Habanero Pork Belly Twists
3eGqirz2P7Y,Best ‚Äújuicy‚Äù comment wins...
0_SdRI7NdMw,Homemade Wagyu A5
5HYPRF8ZPqQ,Cooking a Prime Rib in 10lb of MSG
T33JUBAig3c,NYE King Crab Round 2
n_-5Tob_EJQ,24k Gold Dry Aged Ribeye
Wg3-dP4UGcE,My Brothers Industrial Bakery
nZHzDEopy04,Intel Gaming Spring Upgrade
IwCzubRup54,Chili Crisp Injected & Dry Aged Ribeye
ExQrrKffaK8,Deep Fried Prime Rib
HMNbcj8hGbg,Farber Toaster 06E 9x16 Google
Jg5yjQrY-t8,Not Your Average Chicken Bacon Ranch
Cq-qGAcChRM,Steak & Happy Potatoes
pYwoOxWndls,Car Cooking: Wagyu A5 Big Mac @itsQCP
PgW60Xw7f60,The Perfect Prime Rib
jKppsTzOYgo,Connor‚Äôs Home Game
cC2d8zjCZPA,The Pizzaball Sub
GvWa-N_IWIE,I accidentally made pink short ribs‚Ä¶
Nxd7ULzbyhc,NA Aveeno Calm + Restore 1080x1920 Video MP4 Oat Gel Moisturizer Go Beyond 10s EN
JX0_STmuigQ,I Marinated Short Ribs for 10 Days...
8eCovKu12h4,What I ate in China
MchzmS7qu7A,Wagyu A5 Steak Accordion
xNMTeHu8R8w,Deep Fried Turkey
xczcFsz9ZG4,Advil | Liqui Gels Fast Relief 9x16 ENG
jpqMxSKk1BQ,How to Smoke Meat INDOORS
0owVfqYgaJg,Beef vs Tofu
z9hiA5fhCOU,The worst cooking appliance of all time...
GWDUG2UnSjw,A Plate of Bacon (literally)
v5SdCKWQM3I,Cooking Brisket in 10lbs of Salt
FoEfFtdwEgc,The Cheapest Wagyu A5 I Could Find...
_LmRrKu401s,Filet mignon... like a brisket?
Twk0OmkN2gE,A peace offering...
X3ZfD7W1-cw,Is it Flatbread or Pizza?
KRspJcpai-Y,When an old man gives you a chicken...
_jTSrfVXgCg,Lookalike
W9rsY4QG2NY,Don't Make Promises You Can't Keep...
avhcZ6Iuv2w,Wagyu Tallow Dry Aged Lamb Shoulder
6ynfeCAzr0U,Garlic Confit Cowboy Butter
fztZ-oIXQMk,Chicharron Charcuterie Board
wLyQXLeXdc8,McDonald‚Äôs Beef Jerky
WkMPySeHKGY,Rib Cap Wellington‚Ä¶ Gordon‚Äôs not going to be happy
YYfB_R2TjLI,The World's Most Expensive Beef Jerky
TY8-tCkURjA,"Cholula¬Æ, Authentic Mexican Flavour"
bf-Nksvtiww,She Wanted Raw Lobster...
KujgczNVy_Q,Dry Aged Fish Catch & Cook
tIkCThaR4fc,Seafood Feast on a Malaysian Fish Farm
mDw6gUIdOQs,I Cooked a Wagyu Picanha Like a Brisket
WeIVagLt1Fs,Q225 PRE MD SOME MID META PAID SOCIAL VIDEO 02 ENGRAVING VERTICAL 10SEC
s_CMAhCEc5g,Candied Bacon Salmon Board
pu9hyOkfV5c,Grow a Weenie
BtkpYb__JG4,Picanha Chip
0kGtpQpRPRU,Worlds Biggest Rack of Ribs
IiChHK-mzeo,Can I move to FL before my meat defrosts?
f4k7ZB64YH8,I Turned Salmon into Cotton Candy
NeFa7J5UgTY,RBC Insurance  - Free phone consultations
hl4hDyMBVvA,Dry Aged Buffalo Chicken
i2xKkIQ8eNU,"Best ""it's raw"" comment wins"
jsrkJNd7bno,How Chicken Jerky is Made
E9kgHa6wh-k,Lobster Cheese Dog
weO4irlRYuw,Chili Crisp Dry Aged Duck
yYLLFEvvaH4,Forbidden Dorito Pt 2
Hb63L9YPyZg,Steak School: Picanha
JqNNYKSEVeE,Fresh vs Dry Aged Duck
uLhAzMppX5A,Chicharron Crunch Wrap
swTdBdJC1L4,My Biggest Regret
TwgdHL3hGKs,"Savour every smooth, slow-melting chunk of Cadbury Dairy Milk."
GnjVV-Dl-LI,I Turned Pork Into Cotton Candy
3mppFmB_HSA,"1,000 Pounds of Bacon Jerky"
aP_7yKOk6Ok,A Very Average Steak (Sierra Steak School)
tX0ZMeEkXGg,My Professional Fishing Career
8g6-d57Y7xE,I Cooked a Furry Steak
IvaUCK4IxAE,"$10,000 Dry Aged Tuna"
s486nYbO80Y,The Steak Review: Joshua Weissman‚Äôs Steak House
NP0kQndK4Fw,Wagyu A5 Spam
Ij-scaFkBrI,The Budget Friendly Tomahawk
AwgwwNQpvuw,The Half Cow Beef-Chetta
haIUqAmKqzo,Can You Guess This Cut?
rlRPQqKyICY,The Best BBQ in KC is From Texas
CkqxjtEyK7I,I Feel Like a Traitor
UMUL5zvfpuw,‚ÄúI Can‚Äôt Believe It‚Äôs Not a Ribeye‚Äù (Steak School)
ZeDEaNJzAl8,How Kansas City Thai BBQ is Made
czQhfN6PEcY,The Craziest Meat Feast of My Life
pz_jOVsNvLs,Cross  HVAC Repair
i-xJWp2cfww,The Filet Mignapple
iaH_z2raAPY,The Pineapple Mignon
5vOGbM3cBJw,My Third Favorite Steak (Steak School)
FZLNlhOgp6U,I Soaked a Ribeye in Coffee for 24hrs Then Dry Aged It
O0GfbPNnQlo,White Shirt Sister
4nmr6geoGHI,Wasabi Crusted Toro Taco @valentinetb1
v1Yv8fS78bc,Cooking a Brisket Like a Steak
LPAn0hzuLw0,Product 9x16 30 UK Updated End Card
XA1auynQxQI,I Cooked Salmon on a Deserted Island
n3ixz8Fgw1c,How Alaskan Salmon Gets on Your Plate
V5vptKW6RWE,LITTLE LIVE PETS I MY PUPPY'S HOME TVC I 15
QHlN4nte57Q,First Class Airplane Food Review: Worth It?
_K263qh9vyg,"$1 vs $1,000 Wine Taste Test"
AaJQ2_3Nx8E,OAG25IE221 ARMADA GEOLOGIST EN 06 WEB 9x16
35hGDDyKiu0,"I Covered Briskets in Relish, Ketchup, Mayo and Mustard"
1cPXvVxxckc,Worlds Hottest Dry Age (9 Million Scoville)
_Jev7bXNjyc,Brisket vs Tofu
HTpzWqMD45o,I Soaked a Ribeye in Whiskey for 24hrs Then Dry Aged It
8hHkdPDALiU,The Rarest Steak I‚Äôve Ever Cooked
oB8clo4UMEs,I Ate a Freezer Burned Steak
4e7LQOgLSCo,We Out-Pizza‚Äôd the Hut @ryancantcook
vv48rmFo3lQ,She Didn't Let Me Eat the Filet-O-Fish...
zqMMm47977g,Dry Aging Turned This Steak Grey...
GAMY4Hp6s2A,"Best ""it's raw"" comment wins pt. 4"
H84MZlCK9TE,Best Lamb I Ever Had
LcNNEZ9i-QA,$300 New Years King Crab
Kh_xsxsq3Og,Earth's Own The Alt - Your 1:1 Milky-licious Swap for Dairy
N0UVzw1W_Mw,Brisket Stuffed Prime Rib
lzapLX2bH3o,Scallop Pasta ft. @itsQCP
0zlG1Knt6ZA,Steak Battles: Max vs Peter Luger
ZYjGfbTH4N0,The Steak Review: Peter Luger Steak House
SRW40oFvSig,We went all out for VAISAKHI this year. #HappyVaisakhi #Cadillac
nhmAAy0HYpA,Dry Aged vs Dry Brined vs Wet Brined PULLED PORK
scv7vniJ0wg,Dry Aged Pulled Pork
i3h3uNbgBhE,Dry Aged BRISKET Bacon BLT
RwTq-5tIcl0,How to Trim a Dry Aged Brisket
r6cv2JCiLnw,The Perfect Prime Rib
b5RmtXKODPo,Brisket Bread (made with ChefsTemp)
yrFDWPJF4bs,I Soaked a Ribeye in Wine for 24hrs Then Dry Aged It
ZLopuHdqjBc,The Worlds Most Underrated Steak
cDseYSjGYIc,15 Day Marinated Brisket
zvktSuKszqk,Short Rib Challah Bao
z5GPq_pkbR0,Elk Loin Cooked Inside of Salt
aSVEV2EmHG8,‚ÄúThe cutest thing you ever made‚Äù - My sister
SYyIbvTD2e8,The Perfect Thanksgiving Turkey
OoTiTqf7eZc,Not Your Average Turkey‚Ä¶ (Peking Turkey)
-RG6rob2cNQ,How to carve a Turkey ü¶É
xCbATMWcb1g,Cooking a FROZEN Steak
cNJteplOcNI,Wagyu Tallow Dry Aged Prime Rib
a4V3I_3JXac,The Ultimate Surf & Turf
5LTq0IGUskI,Hearing Device 3 (40+)
GGQUOD7K5nU,Dry Aged Roast Beef Sandwich Ft. @NickDiGiovanni
JZUKssceS00,APPLEWOOD Liquid Smoke + Coffee Dry Age Pt.3
BDwni0c9zN4,Powdered Smoke Dry Age Pt. 2
eHEd5XBr8wA,Cold Smoked THEN Dry Aged Ribeye Pt. 1
AszOPmzcTmQ,Cooking Steak with a Chef in Alaska
skL0m25Nj6Y,Dry Aged Alligator (Nashville Hot Gator Sandwich)
7X3qCbSQhnY,I made my cats favorite food
3zypsd9C2sE,The Ultimate Triple Decker Burger
fwEV4l_gUQE,Smoked Bourbon Marinated Brisket
CKZN1IfYvC4,Wagyu Short Rib Hot Pocket
PYm4q_L4bII,What I Used to Eat at Sleep Away Camp‚Ä¶
Eu_OoXXhLVs,Duck Balls‚Ä¶
MQgoIhyc1Jo,The Brisket Baby
vwnMpfPNyes,I Made Salmon Dumplings in Alaska
mqvSULs1a8Q,Smoked Beef Heart
cMf3YuR3JUE,The hardest job I ever had‚Ä¶
8W8Au81_gTs,Best ‚Äúit‚Äôs raw‚Äù comment wins‚Ä¶
Oz6tS6TLs1o,Gochujang Sesame Dry Age
OBhEz6QjmoU,What I Ate in Alaska‚Ä¶ but it keeps getting weirder
uo1E2vFhAO0,Pulled Pork Ice Cream
Aj05PzTNHHE,Low energy? CLIF it up.
EPudgBJ8uy4,‚ÄúMeat‚Äù Balls (Rocky Mountain Oysters)
SU8rvi4AzKM,Turned 30 so Made Beef Cheeks
NPfS-7ma2gY,Beef Tongue Tacos
LHYPFaQzttw,I Ate a Whole Pig (Bachelor Party Pig Pt. 3)
io5F83eFTkM,I Bought a Pig (Bachelor Party Pig Pt. 1)
qW8EYGkZLvc,The Steak Biggie Mac @albert_cancook
KKkF70aah3s,Spicy King Crab Pasta @itsQCP
dFh9heGhH_I,Wagyu Tallow Injected Beef Cheeks
wKbPJxkiq3c,Pulled Pork Cooked in Clay
HvM5uz3s0BI,Grilled Branzino with Salmon Egg Beurre Blanc @hwoo.lee
afKfHQ8TdtI,Chicken Cooked in Clay (Beggar‚Äôs Chicken)
J7MWMKAHTZQ,Chicken ü•™ with the sandwich king himself @owen.han
Z7kYMjQbCKg,Octopus
OHqc1Lp8lFU,Mahi Mahi Tacos
12DbLCBVIWw,Car Cooking: Max vs Buffalo Wild Wings
gOlBrPXrFxA,Deconstructed Smoked Chicken
41HFHXmc8Ww,Lamb Brisket vs. Wagyu Brisket @GugaFoods
vJUiXU4xLeQ,The Frankenstein Roast
lkB_4ZPLPl8,The steak accordion (I did something bad)
dNbNPmxVuWQ,3 Chicken Wing Mistakes to Stop Making (#3 is game changer)
pojfDzs5nU4,I suck at making spring rolls @LisaNguyen
ArpkopAmU9M,Seasoning a steak with the crust of another steak
Q41FRd8mREk,Rare Japanese Knives (Korin Knife Shop)
gFfU1RDESmM,I tasted the dry aged impossible meat‚Ä¶
swNm2DvC5uE,Jumbo Chili Cheese Dog
gfGOG5if_oo,EVAN   REC   September batch 4   6 2
PJnb5spG7lU,Simple Crispy Pork Belly
H5RMhDvE7Yk,Wagyu A5 Beef Tartare Burger
Yv2ohC5f5mg,Dry Aged Salmon
pyRZyE_yAPo,My Favorite Instant Ramen Recipe pt. 14
xJIPlqTvUSk,I think Gordon hates me
CJU6XUBr4gY,Black Garlic Dry Aged Ribeye
p812v2g5tvA,Popcorn Pork
Z020Q6SHYZY,225761241 Polysporin PTA 06s Video MP4 9x16 Blisters EN
zPjZnPJ2K-o,4 Butter Basting Mistakes to Stop Making
R2Fi2I6RSgk,Dry Aged Impossible (Vegan) Meat
YYFlLferi5o,Ghost Pepper Lamb Chops at Michelin Star Restaurant
TAp87nKCX_E,Wagyu A5 Filet Mignon Tartare
9ZUDUG3Im_U,150 Day Dry Aged Spam
dW9w97Afcws,Maple Habanero Pork Twists
DMChBhNr08g,The Holy Grail of Beef
2FWrcTLYegM,Whole Cod Fish and Chips üêü
5TrcrM_ooiw,Tajin Tequila Dry Age
ianyoKUMwK4,A spicy steak on top of Google ft. @LisaNguyen
77KIbqv2eEM,Deconstructed Prime Rib
g-hPtKGb8yo,A hen in her nest üêì
Ahx2YptGw3I,Pork Brisket vs Bison Brisket ft. @GugaFoods
YQ15ugO3eI8,Pork Chips and Salsa
PqU8NtHBgCk,Steak Pizza ft. @GugaFoods
HHx24_euEQ0,Crispers x Raptors Never Square Hero 30s EN
GXpioNviYl4,Everything I ate on a luxury cruise
EleODaehtgo,The Steak Monster üòà
jPAR4KAajVY,Pick Juice Brined Steak
bHgUL_W62sE,Pork Skin Chip
JJeznbuGEAI,The Steak Review: IHOP
bFRKVoR_Bsg,Dry Aged Bologna
6PDJXdjnWM4,My mom forced me to play the violin
yvy2a3gmNYs,Pork Belly Accordion
rzkrJ7T-HSA,The Steak Review: Cracker Barrel
GZx2n_sOGj8,Should steaks be left at room temp before cooking?
5aAdnro2mx8,Do 15lb lobsters taste bad? ft. @NickDiGiovanni
1LcH86evTyI,How to grill a porterhouse
dU_dDHh_LMY,The doctor said I need to eat more fish‚Ä¶
MY9l1G6aT_I,The time I got stood up on a date üíî
6iPbI3HAUEo,A Big Brisket Sandwich
0y2ntUU5n04,Car Cooking: Red Lobster @NickDiGiovanni
WEfbBm7qTUE,The sandwich from my nightmares
NqHZXM3RB9Q,The day I fell in love
gAEAVA9Ippg,Steak Battles: Max vs Ken‚Äôs (cops calledüëÆ‚Äç‚ôÇÔ∏è)
Ms7gIC6i_sA,Duck Fat Chip ü¶Ü
czKXBBUezps,The Ultimate Smash Burger
k-kEgO4WkeE,Pork Belly Bread üê∑
gPGAIx2wC40,28 Day Salt Dry Age üßÇ
TkKWm_2Qxgc,Blurry: Make it Mercedes | Limited Time Offers on Now
MshH6ajPKP4,Butter Injected Lobster ü¶û
YB3hofmgZLo,Homemade McFish
WpGrl1-GZMA,Chicken and Waffles x TikTok Cake #shorts
JUFf5yrZDbA,How did I make money living in China? Ft. Every TikTok creator seasoning #shorts
9eykb_5Y3EY,TW 20250312 Êää‰∏ç‰ΩèLoic CFCËã±ËØ≠ CYH CYH 1080X1920 EN Êó†Ê∞¥Âç∞ mp4
rGoZfebxjVI,Tofu Ribs (for all my loyal vegan followers) #shorts
R6T3D6gu1GI,Has social media made me hate cooking? #shorts
bMC13z2GCqc,Best ‚Äúit‚Äôs raw‚Äù comment wins (pt 2) #shorts
5GaIEvusqbU,Steak Ice Cream #shorts
IIle0mlCgHo,BASK Rose
gAj7I7nt_XA,Prime Rib Reuben #shorts
Hkg2e_9PjMI,What happens if you don‚Äôt rest your roast? #shorts
l9Yo0I3GSJ4,How to Prep & French a Prime Rib #shorts
ESBJgrUdykY,Holiday Prime Rib (Thicc crust) #shorts
0nxDm7nzsYs,Blurry: Win or Lose | Pixar's all-new Original series | Now streaming on Disney+
5XC6GjfM7Os,I (kinda) got kicked out of Wendy‚Äôs parking lot #shorts
3_OArk8bZNU,CAR COOKING: Sleepover at Wendy's (Max vs Baconator) #shorts
F75zF9pjVUM,Dry Aged Striped Bass #shorts
fWH79nI3DFU,Car Cooking x Does it Deep Fry: McRib #shorts
KDioVJSdMaI,Pearl Paradise Virtual Appointments
kU_W_YIsFL4,The Tomahawk King (well done & rare) #shorts
lZI4IT2EbIc,The Old Fashioned: Orange & Whisky Dry Age #shorts
AJ3Py2n_cUY,The Ultimate Seafood Tower #shorts
DWgJ57LV4RE,Does it Deep Fry: Whole Duck #shorts
aT57jOOlaa0,Utility Tape - Garbage Bin
y3I17q1I0UQ,Pulled Pork Cinnamon Rolls #shorts
blDev_gChA4,$1 vs $100 bite - what does an 8 yr old like more? #shorts
-2exRhKYqRk,Green Dry Aged Turkey #shorts
iuhIgUfRz0Y,Surf & Turf Sandwich #shorts
LJaj3E29N_4,The right way to carve a Turkey #shorts
KzWS_w6An1U,üçÜ Wellington #shorts
WUGzlHBvm-E,Tomato Wellington üçÖ #shorts
koNFDjyt6zw,The Perfect Thanksgiving Turkey #shorts
i-15DZuO3u0,100 Day Dry Age Wagyu Beef Shank #shorts
53gyRm319-c,The Turkey Wellington #shorts
5KLhlKMPKss,"Dry Aged Tuna Sushi ($4,000!!) #shorts"
qc1aPTPIgvA,Bacon Wrapped Tomahawk #shorts
18lSwA77zcs,Sour patch kids dry age experiment (don't try this at home) #shorts
sZKQVbWVNYI,Eating Duck with Mark Zuckerberg #shorts
Mh_IOsM88Ik,The Ostrich Egg Exploded Before I Could Slice It ü•≤ #shorts
fGEDb2lUWI4,Should you really cut steaks AGAINST the grain? (Real fire pit) #shorts
SfkoDFjAZ8g,How I almost burned down my house #shorts
WXKp_11ehbQ,Pumpkin Spice Dry Aged Ribeye #shorts
BjHLQzkMJtw,Does it Deep Fry: Ice #shorts
Cun-ny0N4dw,How I almost died buying my first smoker #shorts
9cBVeyhW_SE,I dropped this steak in real dirt #shorts
jrqt8aIvKDo,Steak School: New York Strip (Strip Steak) #shorts
sNsfvfEi27Y,Chocolate & Coffee Dry Aged Ribeye #shorts
keAOhf4FFkQ,6 Steak Temps (Ketchup - Vampire) #shorts
Hywmhl2eQlQ,Does it Deep Fry: Pork Belly #shorts
r4DtLQ2TB_E,Start Your Dream Business Today - Shopify Makes it Simple
6KrsRM5d_0s,The Steak Review: Longhorn #shorts
0AQ_eSNlH78,Turned 29 so cooked ü•© #shorts
MDJjWi0Wzh8,Steak Battles: Max vs Longhorn Steakhouse #shorts
DvawYzNvGbk,Steak of the Sea #shorts
e7U5sT89JM4,hw_dungeonroof19a_v_en_30
MRWYEzIF3wM,Spicy Toro Crispy Rice #shorts
H4lekFAtUZM,Grilled Lobster Roll x Truffle Fries #shorts
72DKdQXvKYs,"Voil√† Grocery Delivery - For Canadians, By Canadians"
gEQeKJsAFSk,Team Medium Rare or Well Done? #shorts
hSg7OFHr1zo,Did I overreact eating the eyeball? #shorts
DhR3ig3KWSA,Phoenix BFL Entry 2025 #bassfishing #majorleaguefishing #phoenixboats
_ndG_gpa3so,Pizza Wings #shorts
0Bngto6HLh0,Beefsteak üçÖ #shorts
9FpA4sHH-BA,The best way to cook a tomato #shorts
fnXL_svhMoQ,Lamb & Peaches for Snoop Dogg #shorts
UKKxynoBO_w,Steak Battles: Max vs. Texas Roadhouse #shorts
sigPLhr_zFk,Dry Aged Wagyu Burger #shorts
bv_mX6fbb38,Steak & Oysters #shorts
KsQeQ1nJOP4,Next Level Rib Corndogs #shorts
EbxQnE0d5Lc,Best ‚Äúit‚Äôs raw‚Äù comment wins #shorts
A3Tqm5k1IA4,Teriyaki WAGYU Burnt Ends #shorts
kUXXjApmS-E,Butter Basted Steak Tutorial #shorts
xPl9Qf7UGWM,Vegan sister makes tuna #shorts
PWrP6XwudJM,Watermelon tuna #shorts
JU7q3vcEeM0,something's fishy #shorts
4UwJhzIKbLw,Filet & Caprese #shorts
VtPsXzlzVNM,Black Truffle & Cognac Wagyu Ribeye #shorts
zQyaFzqnoJQ,Beef Bacon Steak #shorts
rBQFGw8li4c,How to make smoked watermelon taste good #shorts
bG98sWNFymA,Never wrap with tinfoil... #shorts
W66K1ujOh64,NVIDIA RTX 5000 Ada Generation | Powering the Next Era of Innovation
-Qp7n1It40c,Most Expensive Beef Jerky? #shorts
biZupXfvcYM,Prime Rib: Beef Bacon X Blue Cheese #shorts
l07-1bHwBp4,Beef Bacon Burnt Ends #shorts
YDTANv-7k7g,60 Day Dry Aged Picanha (Covered in frosting?) #shorts
K-jGQmngQEQ,Black Truffle Dry Brined Wagyu #shorts
bwaM4sQS1Ek,Trimming a Dry Aged Brisket #shorts
rrhB85u122o,The Steak Review: The Outback #shorts
udAUHVuRDS4,Jolly Rancher Gummies | Watermelon | Shorts | EN
IGwWbYE9cFs,Forbidden Dorito #shorts
W-x_iacztuQ,4th of July STEAK CAKE (& firework show) #shorts
4LUVXY3VFL4,SLVR Programmatic Video 01 2
XDL4e4969G8,Steak Battles: Max vs. The Outback #shorts
R86b_OuBXDk,Onion Volcano #shorts
6bCZhAKORW8,Chili Garlic Butter Oysters #shorts
8x5fkS2xECU,Dry Aged Sea Bass Sashimi #shorts
uHhJWS8wzco,Is debt getting in the way? Rebuild your relationship with money and your family.
UUOuTXn2REI,Bulgogi Beef Fried Rice #shorts
XqQ6mqKajj0,Catch & Cook: Black Sea Bass CEVICHE #shorts
nj-j4g2F6F4,eSIM Holafly
np_6Bt59Y80,Watermelon & Mustard: SHOCKING Results #shorts
3imf3xPNh4g,Car Cooking: Wagyu A5 at Taco Bell #shorts
snnmCkvUmx0,BP Social Teaser 15s 9x16 Story Reel approved
ibF94yHR2Ug,TikTok said my meat looked dry #shorts
eiM8zDAH8dw,The Surf & Turf Crayfish #shorts
WaJW8Cvnr6g,5 Spice Ribs #shorts
i7gA9w-Cxa0,How much meat do I eat? #shorts
-b_PbTMbwF0,The 50 Day Dry Aged Brisket Sandwich #shorts
jlQYv3hM0uQ,Whiskey Aged Steak #shorts
04ECZ_Ohfi4,Steak School: Beef Tenderloin #shorts
hIOb9b-xspc,Duck & A Story #shorts
vJIRiKd9wak,Deo Bathrodite JFM25 06s Whole Body Stick 9x16 PGNV0722000H
40FdljGsWOg,Wine Aged Ribeye #shorts
S8EzdS4nE0w,Honey Mustard Ribs #shorts
H89U4ZZAQ5U,Candied Bacon X Bourbon Ribs #shorts
DvnZ4ch99PY,Dry Aged Duck #shorts
EJh7o5AzqGU,All Aboard the Twisted Bacon Train #shorts
XUW85TmLNJc,The Meat CHESS BOARD #shorts
A24cBt35kLA,Duck CONFIT (date night food) #shorts
ygP-cZdTIgQ,Wagyu Tomahawk‚Ä¶ Pastrami? #shorts
XgmLWmc2IsI,Steak and a Story: Why I Started Social Media #shorts
ULBZN58QYnk,OV CA Wayborhood2 PatioChairs 16x9 06
yOzjlNzka5w,Choose Your Meat Wisely #shorts
7XYGcMlNWOY,Salmon Cinnamon Roll... but FANCY #shorts
4ckXtq2-GVE,Easter dinner for four under $40
LMWuaQbIoDI,A Guide To Dry Aging: Rib Roast Experiment #shorts
_QbmYhrzie0,The BASKETBALL Ham #shorts
O1Sc8uw6UjM,Lamb Rack WELLINGTON for @gordonramsay #shorts
V7bTTaZn6Jg,Fitting a Chicken in a Sandwich #shorts
E9ShGXo5Bww,King Crab JERKY #shorts
fPSQZ91RzTY,Steak School Pt. 2: Skirt Steak 101 #shorts
oozpaRAAY9g,WAGYU X Candied Bacon Compound Butter #shorts
fVlKF8-sCDg,Tear Into Softness CA-ENG | Charmin¬Æ Ultra Soft
iGhX600vU68,Car Cooking: WHOLE Chicken Chick-fil-A #shorts
htGQcQzy1Jw,Reverse Sear vs Direct Heat #shorts
FWsWKFUVN_o,King Crab Cake CUPCAKES #shorts
z85irTkXMi8,Halloween STEAK CAKE Throwback #shorts
aMzrDOe2Nxs,Vertical: To My Hooman :30 CAN
LW3nSNGAA8M,DOUBLE CRUST Ribeye #shorts
rFD2BiMxnYU,WAGYU Beef Jerky? #shorts
r2o9WKXQ8Fc,Gordon Ramsay Wasn‚Äôt Happy With my Wellington! #shorts
ycDG7tDhM7U,DINO Rib Confit x Duck Fat #shorts
N8coGPYDkBM,The SCORPION Beef Bomb #shorts
GIR7dZyKUfo,Grilled STEAK Tutorial: Thin Cuts #shorts
6RbdIE6w_J4,Game changer Cinnamon Toast CRUNCH #shorts
u__cn8Y9tWo,Bowl & Play Every Day with the AMF Summer Season Pass!
sdJLOQVh3Zk,Lobster and CAVIAR Bites #shorts
sZr189j3THg,Bacon BREAD BLT: ASMR #shorts
-Ou09DfmCgc,Doc Said Add FISH to My Diet #shorts
Yfpl9RLbgOg,Car Cooking: The Filet-O-Fish #shorts
h-Ry_yTEKAI,Fresh MANGO Habanero Wangz #shorts
G8RZKaoluAk,SQUIRREL TAIL Fish #shorts
B2i-PHENcJA,Oxtail DUMPLINGS #shorts
p4elMv3PJOk,Taki Chicken Cordon BLUE #shorts
rsxpryCkHE0,Car Cooking: Fixing the IMPOSSIBLE Burger #shorts
O55rt9_JAYA,Smoked Whiskey Glazed Pork Roast #shorts
be0Cal-gs58,Using Snow to Cook a Better Porterhouse #shorts
mTtEZ3FArmo,"Nespresso - MachinesGlorification_Taste_EN_9x16 10"" | CA"
Pg3ToNePSRA,Perfect Korean BEEF Marinade #shorts
H8ejRXfIGPg,The IMMORTAL Hot Pocket pt. 2 #shorts
j90UUvwLPKw,The HAMDOG #shorts
D8-YO_NcPkQ,Sous Vide x Smoked x Smash BURGER #shorts
0_N0fdXYaAA,Fresh Chili Lime WANGZ #shorts
1QdWOB_OMj4,Leg of LAMB: ASMR #shorts
ASYaBkUUMwQ,HABANERO Compound Butter ASMR #shorts
fByMB8ukv7g,BOURBON Glazed Beer Can Turkey #shorts
N6qLoOAHTU0,Steak School: Ribeye 101 in 60 Seconds #shorts
9aV5f6w3G5A,Bacon Wrapped GOOSE #shorts
KbFrYwfC6Uo,Filet Mignon STEAK EXPERIMENT #shorts
VYRHp1kg5UU,Jalape√±o Smoked SALMON Dip (the perfect dip) #shorts
-kA_6WG4meQ,The SUPER (Bacon & Queso) Bowl #shorts
NQFnpRx6Ajc,SALMON Bread #shorts
8u_L6--738k,Car Cooking: The Oreo McFlurry #shorts
V5uvSbW-Y0o,The PORCHETTA Glizzy Wellington (pt4) #shorts
9J_Ev6OKfDo,02 10 2025 MMS5E2 video Eyes 1920x1080 v2
lCK6zrwnBGw,Smoked LOBSTER and Garlic Butter #shorts
JvI42klX2so,Bacon STEAK #shorts
4cuGjdEQ11w,Is DRY BRINING Worth It? Steak Science #shorts
TduiEN47DIc,The IMMORTAL Hot Pocket pt1 #shorts
d1ClvpNZycs,JUMBO Surf & Turf TEMPURA #shorts
bde4_GrdjMM,Honey Mustard x Ghost Pepper WANGZ #shorts
9KgJDGLcWmw,CRUNCH WRAP Supreme #shorts
feL8t43tLZA,The WAGYU Big Mac (Car Cooking pt4) #shorts
p6_i5xIQayE,CIBC Dividend Visa Infinite - Finders Keepers
hSD48Iop-Ms,Worlds Most EXPENSIVE Beef Jerky (A5 Wagyu Filet Mignon) #shorts
OxWnNyImzw4,BACON Bread: BLT & Salad Bowl #shorts
WhTiePz20IU,The GOLDEN Goldfish #shorts
BUP7MiEFrcU,Cooking BAMBI: ASMR #shorts
iQd97-gFtjQ,Social Acne Patch SENS Spot6 10sec 9x16 r05 MP4
_x1rQpyQy4A,WAGYU Nachos #shorts
zNjnRDFKv8M,Salmon CANDY #shorts
cyrVgqAD6xc,Candied BACON x Ice Cream #shorts
uNCxAk6ozPE,Tofu RIBS #shorts
wJXmkEN2XrA,Golden GLIZZY Wellington! #shorts
7MwM4I91o1Q,LOBSTER Hacks #shorts
2QLSMGbptmw,Sell your car to Clutch
OfVHuqUGlyg,Hot dog OR Hamburger? #shorts
U-Lk0uoMN7I,BACON Studded Smoked SALMON #shorts
9KlAgzDYnBE,RITZ Crackers - Easter Creator 1 EN
6kKfZQ8u4T8,Eating a 300 DAY Old Steak RAW #shorts
dOAyYRAPwr0,The GLIZZY Wellington Pt2 #shorts
MWjQZ1Tx-20,The GLIZZY Wellington #shorts
-K6E6U58zGE,LOBSTER x Grilled Cheese #shorts
4IdSz2V4RF8,PORKLESS Salmon x Cinnamon Roll #shorts
oFhNJgWM6Y0,BRINGING THE MEATS to Arby‚Äôs: Car Cooking pt3 #shorts
JWSZsYag6O4,Will it Wellington? CINNAMON ROLLS #shorts
w8j9C0BbtDg,Swedish Fish #shorts
YMrP85Olqa8,Surf & TURF Sushi #shorts
7VLkKClEug8,Hot Tub TUNA #shorts
Z82F8XA68rc,Car Cooking pt2 THE McRIB #shorts
w6fdVersAmg,Smoked Bacon S‚ÄôMORE Bombs #shorts
PN_1jWeLf2c,Ribs in a CORN DOG!! #shorts
a42lVGMqACk,Garlic BOMBS! #shorts
GoofISdn2TQ,The PERFECT Bite: Bacon STUDDED Scallops & Caviar #shorts
XD_O33aU9wU,FrankenSTEAK: Gluing a Filet to a Ribeye #shorts
6bXYJ4Z1Sc0,A5 Wagyu x PURPLE Cauliflower #shorts
HZ-bqnA5ioQ,Grow a GLIZZY #shorts
hXFVFkNy01o,Bacon Stuffed BUNS Triple Smash Burger #shorts
DNaLdMOmSWw,SHREDDING a Wagyu Steak #shorts
IInYY3tkshE,PRIME RIB Laced w/ Bacon & Blue Cheese #shorts
ROxD5KeuPTU,Fresh EEL Sushi #shorts
-4MKnJY-2hc,VENISON Rib Roast #shorts
d7aB-aTdc4c,Black Hawk BEEF Bomb #shorts
ja_Uw62RulA,Root Beer Glazed RIBS x Root Beer Float #shorts
Lkx2dacy-PQ,LAMB Rack x Balsamic Blackberry Glaze #shorts
hBd1FRlHczg,Smoked SALMON x Cinnamon Roll #shorts
jmc5Ojn_0T0,Infants' Tylenol¬Æ: Parent Firsts - Diaper Change (EN | 9x16 | 6 sec)
eqE0ag_XYsA,Will it Easy Bake: WAGYU A5 & Truffles #shorts
xdSGOWKt_6o,Holiday Tree. Meat Galore. #shorts
D1SeFPWNxss,Candied BACON: Chocolate x Sriracha #shorts
ecxEdDh1GJ0,Boneless Wings EXPOSED #shorts
wPm6qrUuvGI,Taco TWINKIE x Flaming Hot Mozzarella Stick #shorts
OQ435x0Kf1s,The TURKEY FOOTBALL #shorts
A9tZvbzU0zs,Will it EASY BAKE? pt2 Baby Back Ribs #shorts
ya64LQKTGBs,Will it EASY BAKE? pt1 Ribeye and Potatoes ü•©ü•î  #shorts
MWLYWOtmJVY,The STEAK Cake ü•© üéÇ #shorts
5OLKyNq1aF0,3 Perfect STEAK Sauces ü•©
AqqH_AEcJ8Q,The Pork PRETZEL üêΩ + ü•®
IU_0YZ_Bshw,WELLINGTON Steak Cake! Happy Birthday Gordon Ramsay & Tilly Ramsayü•©üéÇü•ñ
MZ5z_XEM0M8,Prime Rib Laced With BACON ü•©ü•ì
